name,age,team,file
David Lattin  ,  ,  ,Dave_Lattin
Jarrett Matthew Jack,,,Jarrett_Jack
Kelvin Trent Tucker,,,Trent_Tucker
Sidney Harold Tanenbaum  ,  ,  ,Sid_Tanenbaum
Erick Strickland  ,  ,  ,Erick_Strickland
,,,Kevin_Durant
,,,Dick_Rosenthal
Kermit Washington  ,  ,  ,Kermit_Washington
,,,Mark_Price
,,,Dennis_Schröder
